Rank,Design,Length,ipae_score,Average_i_pTM,Target_Hotspot,Sequence,Average_pAE,Average_i_pAE,Average_pTM,Average_pLDDT,Average_i_pLDDT,Average_ss_pLDDT,Average_Target_RMSD,Average_Hotspot_RMSD,Average_Binder_pLDDT,Average_Binder_pTM,Average_Binder_pAE,Average_Binder_RMSD,DesignTime,Notes,TargetSettings
1,5nq4_l88_s194736_mpnn6,88,3.908125,0.79,,SMKEVEEAKRELEAVYEHVMKVLEMWRKVMPEFKEKIDELEKKIKEIYEEARKVEEGKSPEELVEAYRKAAEEIERLHEKFFDEAMKE,0.14,0.18,0.85,0.93,0.93,0.94,0.92,2.12,0.93,0.82,0.12,1.44,"0 hours, 1 minutes, 7 seconds",,5nq4
2,5nq4_l88_s194736_mpnn5,88,3.953925189393939,0.77,,SMEEVEEAKRELEAVYEHVLKVLEMWEKVMPEKKKELEELKKEIEEIYKKALEVEKGLSPEELVKVYREAAEEIEKKHEEFFDKAMKE,0.15,0.2,0.84,0.92,0.91,0.93,0.9,1.91,0.93,0.8,0.12,1.06,"0 hours, 1 minutes, 7 seconds",,5nq4
1,5nq4_l120_s575933_mpnn1,120,4.401350694444445,0.76,,MKTKEELLNEIIELSKKYYEKIKTEEVSNEEMAEMIKELMGKFIELAEKYGIDRKDTLVQLAMVEYHWVQEAIAYRLNEKQLDKLEELDDKFMKKFMEGKLSDVKFLKEIEKQYIEILNL,0.11,0.18,0.85,0.95,0.93,0.96,0.91,1.6,0.96,0.88,0.08,0.95,"0 hours, 2 minutes, 20 seconds",Relaxed structure contains clashes.,5nq4
4,5nq4_l86_s533102_mpnn6,86,4.496228682170543,0.7,,MPFKKLSYEEVLAYLKENKDKYPYMARQVIPVMERMKKGSEIMKKLLDVFVEEFNEMLKEIASGMPFEEAWDNFMDRVDEKSREVE,0.15,0.21,0.79,0.9,0.89,0.91,0.9,2.1,0.89,0.74,0.14,1.42,"0 hours, 1 minutes, 16 seconds",,5nq4
1,5nq4_l84_s3585_mpnn4,84,4.753691468253969,0.77,,TIEELEKWEPEHIVIHYEMVKETVLEEMEEEPEMADFDIEAWVEKFPEIDFLKNKASEENKKVFEEIYPKFLKEIKEKQEELKK,0.12,0.16,0.83,0.93,0.91,0.94,0.98,1.11,0.9,0.72,0.12,1.33,"0 hours, 1 minutes, 5 seconds",,5nq4
3,5nq4_l86_s533102_mpnn8,86,4.895520348837209,0.72,,MEFKKLSYEEVLEYLEKNKDKFPYMARQVIPVMERMKKGSEIMQKLLEVFVDEFNEMLKDISEGMPFEVAWDNFMDKVDEESRKVE,0.15,0.21,0.78,0.89,0.87,0.9,0.9,2.31,0.86,0.73,0.15,1.54,"0 hours, 1 minutes, 12 seconds",,5nq4
2,5nq4_l120_s575933_mpnn12,120,6.142697916666666,0.73,,MKSKEELLNEIIELSKKYYEKIKTEDVSNEEMAEMIRELFGKFIEIAEKYGIDRKDTLDQLAMVYFHWVQEAIAYRLDEEQLDKLEELDDKFMEKFMAGEGSDVEFLKEIEKEYIEILSL,0.12,0.2,0.83,0.93,0.9,0.94,0.93,1.97,0.93,0.84,0.1,0.94,"0 hours, 1 minutes, 9 seconds",,5nq4
1,5nq4_l120_s808237_mpnn5,120,7.573999305555555,0.65,,MNVDLTEEKIREALEKDPRDAMILFMKAFHALRGDDEKIVEVFEKFLNVAYEKIPELKAMPDTEKARDMAWMIGFAAQMVWWLKENLSNISEELAKKLEEKAEEMLKAYEEWEEKYDDWW,0.18,0.3,0.8,0.89,0.87,0.92,0.87,4.97,0.9,0.82,0.14,1.94,"0 hours, 1 minutes, 11 seconds",,5nq4
2,5nq4_l120_s808237_mpnn8,120,10.233836805555557,0.62,,MDVNLTEEKIREAAEKDPREAMILFMKAFHALRGDDKGIVKVFDIALNVAYELIPETKAMPDTEKRRDMAWFIGFSAQMVWWLEKNIKDIPEELWKEWKKKAEEMLKFYEEWEEEYDDWW,0.19,0.31,0.8,0.9,0.88,0.93,0.87,3.74,0.91,0.84,0.14,2.37,"0 hours, 1 minutes, 14 seconds",,5nq4
