Design,Protocol,Length,Seed,Helicity,Target_Hotspot,Sequence,InterfaceResidues,pLDDT,pTM,i_pTM,pAE,i_pAE,i_pLDDT,ss_pLDDT,Unrelaxed_Clashes,Relaxed_Clashes,Binder_Energy_Score,Surface_Hydrophobicity,ShapeComplementarity,PackStat,dG,dSASA,dG/dSASA,Interface_SASA_%,Interface_Hydrophobicity,n_InterfaceResidues,n_InterfaceHbonds,InterfaceHbondsPercentage,n_InterfaceUnsatHbonds,InterfaceUnsatHbondsPercentage,Interface_Helix%,Interface_BetaSheet%,Interface_Loop%,Binder_Helix%,Binder_BetaSheet%,Binder_Loop%,InterfaceAAs,Target_RMSD,TrajectoryTime,Notes,TargetSettings,Filters,AdvancedSettings
1yi5_l96_s138939,4stage,96,138939,-0.3,"H7,H8,H27,H28,H31,H32,H33,H37",HAAHMRRLIRMLKRMHHWAIEYSISHPNMDPWVMHRLWWVEWISKEMIKEFYTNGFNPERTRGKYTREHFNIMHDAIAQVNPHLAREWQRLVTIIF,"B20,B23,B24,B27,B31,B32,B34,B35,B36,B38,B39,B41,B42,B65,B69,B72,B73",0.93,0.86,0.78,0.12,0.14,0.94,0.94,13,0,-226.19,0.36,0.53,0.69,-33.39,1517.35,-2.2,28.75,70.59,17,2,11.76,3.0,17.65,93.75,0.0,6.25,86.46,0.0,13.54,"{'A': 0, 'C': 0, 'D': 0, 'E': 1, 'F': 0, 'G': 0, 'H': 2, 'I': 3, 'K': 0, 'L': 0, 'M': 2, 'N': 0, 'P': 2, 'Q': 0, 'R': 1, 'S': 1, 'T': 0, 'V': 0, 'W': 4, 'Y': 1}",1.64,"0 hours, 4 minutes, 22 seconds",,1yi5,default_filters,default_4stage_multimer
1yi5_l96_s614570,4stage,96,614570,-0.3,"H7,H8,H27,H28,H31,H32,H33,H37",GMMTLRELVAIVIKFFPYNRMLHARLEQMERNHSSWLEVMEFVVVHGWPNERTMPPEELWKAEYWWWQFEWWFEDYREDPVSTQREIRDYHELHFS,"B48,B51,B60,B61,B63,B64,B65,B67,B68,B71,B74,B75,B90,B93,B94",0.87,0.75,0.6,0.17,0.28,0.86,0.91,2,0,-233.27,0.38,0.61,0.67,-38.53,1572.54,-2.45,28.17,53.33,15,6,40.0,1.0,6.67,93.33,0.0,6.67,76.04,0.0,23.96,"{'A': 0, 'C': 0, 'D': 1, 'E': 3, 'F': 0, 'G': 0, 'H': 1, 'I': 0, 'K': 1, 'L': 1, 'M': 0, 'N': 0, 'P': 0, 'Q': 1, 'R': 0, 'S': 0, 'T': 0, 'V': 0, 'W': 5, 'Y': 2}",1.79,"0 hours, 4 minutes, 33 seconds",,1yi5,default_filters,default_4stage_multimer
1yi5_l96_s251337,4stage,96,251337,-0.3,"H7,H8,H27,H28,H31,H32,H33,H37",MDWPSYPPPEKTIKWDKAVLKRAWAMLRRFPPWWIRYLDWVLYMFEINNRHMTFMHYLRRMVRLFERGQRRRVDGIWNRMWSIARRWHNENERNGR,"B2,B3,B5,B6,B7,B8,B9,B15,B17,B20,B21,B24,B36,B37,B38,B39,B40,B42,B43,B46,B54,B58,B81,B88",0.65,0.48,0.13,0.43,0.66,0.75,0.89,20,0,-229.63,0.4,0.57,0.56,-35.89,1850.72,-1.94,29.49,66.67,24,5,20.83,5.0,20.83,73.33,0.0,26.67,69.79,0.0,30.21,"{'A': 0, 'C': 0, 'D': 2, 'E': 1, 'F': 1, 'G': 0, 'H': 1, 'I': 0, 'K': 2, 'L': 4, 'M': 0, 'N': 0, 'P': 3, 'Q': 0, 'R': 1, 'S': 1, 'T': 0, 'V': 0, 'W': 5, 'Y': 3}",1.71,"0 hours, 4 minutes, 51 seconds",,1yi5,default_filters,default_4stage_multimer
1yi5_l96_s338739,4stage,96,338739,-0.3,"H7,H8,H27,H28,H31,H32,H33,H37",SLTAIRRVWRKLRHIARVVVRRGSVTWEDYERMSTAVGRIAVLMHDMGLPEEEWWDSWWWQWYTHVDWYWWHWGQTTVREAMRAFRQIERFMNRIM,"B38,B39,B41,B42,B45,B51,B54,B55,B59,B60,B63,B64,B68,B71,B72",0.7,0.51,0.15,0.38,0.6,0.83,0.9,10,0,-245.11,0.37,0.65,0.65,-25.84,1117.97,-2.31,21.3,60.0,15,1,6.67,0.0,0.0,94.12,0.0,5.88,81.25,0.0,18.75,"{'A': 1, 'C': 0, 'D': 0, 'E': 1, 'F': 0, 'G': 1, 'H': 2, 'I': 0, 'K': 0, 'L': 0, 'M': 0, 'N': 0, 'P': 0, 'Q': 0, 'R': 1, 'S': 0, 'T': 1, 'V': 1, 'W': 6, 'Y': 1}",1.62,"0 hours, 4 minutes, 52 seconds",,1yi5,default_filters,default_4stage_multimer
1yi5_l96_s870789,4stage,96,870789,-0.3,"H7,H8,H27,H28,H31,H32,H33,H37",TFSVTKNMSLRELRRIFRKIMIYMSDKWHPSFRPPPEGRSRWIPWSDWPNGFTYWDRWIFRDLRWVYKHPEEFTRETVYALFKEFLHSYNAWMRRQ,"B40,B42,B45,B54,B55,B57,B58,B61,B62,B65,B72,B73,B77,B81",0.83,0.65,0.4,0.23,0.31,0.81,0.88,0,0,-243.96,0.3,0.7,0.6,-25.15,1161.68,-2.17,20.23,57.14,14,1,7.14,1.0,7.14,83.33,0.0,16.67,65.62,0.0,34.38,"{'A': 0, 'C': 0, 'D': 1, 'E': 1, 'F': 1, 'G': 0, 'H': 0, 'I': 0, 'K': 0, 'L': 1, 'M': 0, 'N': 0, 'P': 0, 'Q': 0, 'R': 2, 'S': 1, 'T': 1, 'V': 0, 'W': 5, 'Y': 1}",1.59,"0 hours, 4 minutes, 50 seconds",,1yi5,default_filters,default_4stage_multimer
1yi5_l96_s490150,4stage,96,490150,-0.3,"H7,H8,H27,H28,H31,H32,H33,H37",SQRDKNWMRLIFRRWDRSEWMIDHAMDEVEAGKSLTTNDVRLVHYSKIFVRGMQEIEAVYETARRPSMKETREVIHKWMRSHRKQVRTWVNMVRSS,"B8,B9,B12,B15,B16,B17,B19,B20,B53,B56,B57,B60,B61,B65,B66,B68,B71",0.57,0.41,0.09,0.49,0.73,0.79,0.84,6,0,-190.75,0.22,0.68,0.61,-30.95,1348.76,-2.29,19.96,52.94,17,9,52.94,0.0,0.0,92.31,0.0,7.69,85.42,0.0,14.58,"{'A': 0, 'C': 0, 'D': 1, 'E': 3, 'F': 1, 'G': 0, 'H': 0, 'I': 1, 'K': 0, 'L': 0, 'M': 3, 'N': 0, 'P': 1, 'Q': 0, 'R': 3, 'S': 0, 'T': 1, 'V': 0, 'W': 2, 'Y': 1}",1.74,"0 hours, 4 minutes, 44 seconds",,1yi5,default_filters,default_4stage_multimer
1yi5_l96_s838891,4stage,96,838891,-0.3,"H7,H8,H27,H28,H31,H32,H33,H37",SQHRRIMREARKMVRFVREGVRTVDWGEWERQLNRMEPAHTQRMAIFSVYSEDLRARYPDSEPYIRELRKMFKDPRTSWYKLMDEMEWVDYWLRQR,"B22,B63,B64,B67,B68,B71,B85,B88,B89,B91,B92,B95,B96",0.67,0.47,0.21,0.41,0.58,0.82,0.84,4,0,-211.66,0.28,0.71,0.65,-29.69,1376.25,-2.16,22.52,61.54,13,5,38.46,5.0,38.46,78.57,0.0,21.43,80.21,0.0,19.79,"{'A': 0, 'C': 0, 'D': 0, 'E': 2, 'F': 0, 'G': 0, 'H': 0, 'I': 0, 'K': 0, 'L': 1, 'M': 1, 'N': 0, 'P': 1, 'Q': 1, 'R': 2, 'S': 0, 'T': 0, 'V': 1, 'W': 2, 'Y': 2}",1.7,"0 hours, 4 minutes, 52 seconds",,1yi5,default_filters,default_4stage_multimer
1yi5_l96_s999888,4stage,96,999888,-0.3,"H7,H8,H27,H28,H31,H32,H33,H37",SKMPKPPWTRRLTAAQHKLMFNQMIRWMKAVRRGQPMTYWDIYDGVWDYMYFVEWRPEVLRRMVGPSRFGSFMRDAKRAMDRARVRYPKIVRWMMQ,"B8,B10,B12,B16,B19,B20,B23,B26,B39,B40,B43,B44,B47,B48,B93",0.86,0.73,0.58,0.22,0.24,0.9,0.94,2,0,-220.26,0.4,0.7,0.67,-36.83,1179.51,-3.12,20.42,60.0,15,5,33.33,3.0,20.0,91.67,0.0,8.33,73.96,0.0,26.04,"{'A': 0, 'C': 0, 'D': 2, 'E': 0, 'F': 0, 'G': 0, 'H': 0, 'I': 0, 'K': 0, 'L': 2, 'M': 1, 'N': 0, 'P': 0, 'Q': 2, 'R': 2, 'S': 0, 'T': 0, 'V': 0, 'W': 4, 'Y': 2}",1.65,"0 hours, 4 minutes, 47 seconds",,1yi5,default_filters,default_4stage_multimer
1yi5_l96_s517020,4stage,96,517020,-0.3,"H7,H8,H27,H28,H31,H32,H33,H37",STTWNRHEARKLIRHMEKFRGRPGSSVEHKMRILRKHFNRERMRVLRPIFIAMEMETDYSMKWWIWDIRWAFMDHPNDAHKWINFMRQRVRRHRRS,"B20,B59,B62,B63,B64,B65,B66,B67,B69,B70,B71,B81,B82,B85,B86,B89",0.84,0.65,0.36,0.26,0.37,0.9,0.92,4,0,-216.84,0.2,0.6,0.65,-35.33,1382.15,-2.56,22.95,62.5,16,8,50.0,1.0,6.25,90.91,0.0,9.09,75.0,0.0,25.0,"{'A': 1, 'C': 0, 'D': 1, 'E': 0, 'F': 1, 'G': 0, 'H': 0, 'I': 1, 'K': 2, 'L': 0, 'M': 1, 'N': 0, 'P': 0, 'Q': 0, 'R': 3, 'S': 0, 'T': 0, 'V': 0, 'W': 5, 'Y': 1}",1.79,"0 hours, 4 minutes, 37 seconds",,1yi5,default_filters,default_4stage_multimer
1yi5_l96_s209884,4stage,96,209884,-0.3,"H7,H8,H27,H28,H31,H32,H33,H37",MTYKQFNRKMQKMMADAEVGRRYWDYWMHQMYDYVLENHPSNTAMKASIKTVYIIMMDDPHRWAEWNKMKPRQMPHTERTAYMHANTVIKMMLGEG,"B9,B13,B22,B23,B25,B26,B28,B29,B30,B32,B33,B36,B49,B50,B53,B54,B57,B58",0.85,0.75,0.61,0.18,0.21,0.92,0.93,11,0,-226.01,0.31,0.58,0.69,-34.55,1360.67,-2.54,24.94,55.56,18,5,27.78,2.0,11.11,100.0,0.0,0.0,80.21,0.0,19.79,"{'A': 0, 'C': 0, 'D': 3, 'E': 0, 'F': 0, 'G': 0, 'H': 1, 'I': 2, 'K': 2, 'L': 1, 'M': 3, 'N': 0, 'P': 0, 'Q': 1, 'R': 1, 'S': 0, 'T': 0, 'V': 0, 'W': 0, 'Y': 4}",1.62,"0 hours, 4 minutes, 40 seconds",,1yi5,default_filters,default_4stage_multimer
1yi5_l96_s70831,4stage,96,70831,-0.3,"H7,H8,H27,H28,H31,H32,H33,H37",SRRMREMKRKLRRVMNSVVKKQGRNVQFQTSYRTALDVLRKNGIVSGSRWDERVWTLYDVMWWHLYENEIDDTGTWTNPREMIHVVMEAVEVIMNM,"B27,B28,B29,B32,B33,B50,B55,B56,B58,B59,B60,B62,B63,B66,B67,B70,B73,B74",0.62,0.42,0.12,0.45,0.7,0.78,0.85,29,0,-219.15,0.26,0.59,0.6,-35.68,1556.89,-2.29,28.23,55.56,18,4,22.22,4.0,22.22,81.25,0.0,18.75,68.75,0.0,31.25,"{'A': 0, 'C': 0, 'D': 1, 'E': 1, 'F': 1, 'G': 1, 'H': 0, 'I': 1, 'K': 0, 'L': 0, 'M': 0, 'N': 0, 'P': 0, 'Q': 2, 'R': 1, 'S': 0, 'T': 2, 'V': 1, 'W': 4, 'Y': 3}",1.76,"0 hours, 4 minutes, 38 seconds",,1yi5,default_filters,default_4stage_multimer
1yi5_l96_s537692,4stage,96,537692,-0.3,"H7,H8,H27,H28,H31,H32,H33,H37",SRRGRMMHVYERAVAIFMEFVREHRRDPRITHEKYIPEVMQAMREGPREMTEPEKEIYWPMWDSIYMHMHWVEDGLFDEKIFRQEMEVVRKMIRRM,"B59,B60,B61,B63,B64,B66,B67,B70,B71,B74,B76,B81,B84,B85,B86,B88,B89,B92",0.84,0.68,0.53,0.22,0.27,0.94,0.96,3,0,-249.4,0.33,0.62,0.52,-37.12,1274.99,-2.91,21.59,66.67,18,3,16.67,1.0,5.56,92.86,0.0,7.14,78.12,0.0,21.88,"{'A': 0, 'C': 0, 'D': 2, 'E': 1, 'F': 0, 'G': 0, 'H': 1, 'I': 1, 'K': 0, 'L': 1, 'M': 4, 'N': 0, 'P': 1, 'Q': 1, 'R': 0, 'S': 1, 'T': 0, 'V': 2, 'W': 2, 'Y': 1}",1.79,"0 hours, 4 minutes, 42 seconds",,1yi5,default_filters,default_4stage_multimer
1yi5_l96_s812252,4stage,96,812252,-0.3,"H7,H8,H27,H28,H31,H32,H33,H37",ARWSAAQAINVMGEIWSELKRMFPGNDDRIRWPMYTILGEPMRVDSKNVPTADEQIRVVEVMDKWIEHGYTLEDFRDENPETIRALRVMWEVMARH,"B28,B31,B32,B35,B36,B37,B38,B39,B40,B41,B42,B43,B44,B57,B61,B64,B65,B68,B70,B71,B74,B75,B78",0.8,0.61,0.29,0.27,0.42,0.89,0.93,4,0,-238.14,0.38,0.67,0.61,-48.66,1787.11,-2.72,34.02,47.83,23,10,43.48,3.0,13.04,52.63,0.0,47.37,67.71,0.0,32.29,"{'A': 0, 'C': 0, 'D': 2, 'E': 2, 'F': 1, 'G': 1, 'H': 1, 'I': 1, 'K': 1, 'L': 1, 'M': 1, 'N': 0, 'P': 1, 'Q': 0, 'R': 3, 'S': 0, 'T': 2, 'V': 2, 'W': 2, 'Y': 2}",1.94,"0 hours, 4 minutes, 32 seconds",,1yi5,default_filters,default_4stage_multimer
1yi5_l96_s23541,4stage,96,23541,-0.3,"H7,H8,H27,H28,H31,H32,H33,H37",YVDWRMIDEEEMIRLKQRAIRAVAAGNWSTVYKTYERFMIILYKTPHSEKIITPEMWDVYDELVDMYMWDEKPSPMTVTRMLRDFEWVIGMVRHHM,"B32,B36,B39,B40,B43,B57,B60,B61,B64,B65,B67,B68,B69,B70",0.91,0.69,0.45,0.23,0.34,0.91,0.96,9,0,-272.31,0.36,0.75,0.71,-33.38,1104.39,-3.02,20.46,71.43,14,5,35.71,0.0,0.0,92.31,0.0,7.69,80.21,0.0,19.79,"{'A': 0, 'C': 0, 'D': 3, 'E': 1, 'F': 0, 'G': 0, 'H': 0, 'I': 1, 'K': 0, 'L': 0, 'M': 2, 'N': 0, 'P': 0, 'Q': 0, 'R': 0, 'S': 0, 'T': 0, 'V': 1, 'W': 2, 'Y': 4}",1.78,"0 hours, 4 minutes, 31 seconds",,1yi5,default_filters,default_4stage_multimer
