Rank,Design,Protocol,Length,Seed,Helicity,Target_Hotspot,Sequence,InterfaceResidues,MPNN_score,MPNN_seq_recovery,Average_pLDDT,1_pLDDT,2_pLDDT,3_pLDDT,4_pLDDT,5_pLDDT,Average_pTM,1_pTM,2_pTM,3_pTM,4_pTM,5_pTM,Average_i_pTM,1_i_pTM,2_i_pTM,3_i_pTM,4_i_pTM,5_i_pTM,Average_pAE,1_pAE,2_pAE,3_pAE,4_pAE,5_pAE,Average_i_pAE,1_i_pAE,2_i_pAE,3_i_pAE,4_i_pAE,5_i_pAE,Average_i_pLDDT,1_i_pLDDT,2_i_pLDDT,3_i_pLDDT,4_i_pLDDT,5_i_pLDDT,Average_ss_pLDDT,1_ss_pLDDT,2_ss_pLDDT,3_ss_pLDDT,4_ss_pLDDT,5_ss_pLDDT,Average_Unrelaxed_Clashes,1_Unrelaxed_Clashes,2_Unrelaxed_Clashes,3_Unrelaxed_Clashes,4_Unrelaxed_Clashes,5_Unrelaxed_Clashes,Average_Relaxed_Clashes,1_Relaxed_Clashes,2_Relaxed_Clashes,3_Relaxed_Clashes,4_Relaxed_Clashes,5_Relaxed_Clashes,Average_Binder_Energy_Score,1_Binder_Energy_Score,2_Binder_Energy_Score,3_Binder_Energy_Score,4_Binder_Energy_Score,5_Binder_Energy_Score,Average_Surface_Hydrophobicity,1_Surface_Hydrophobicity,2_Surface_Hydrophobicity,3_Surface_Hydrophobicity,4_Surface_Hydrophobicity,5_Surface_Hydrophobicity,Average_ShapeComplementarity,1_ShapeComplementarity,2_ShapeComplementarity,3_ShapeComplementarity,4_ShapeComplementarity,5_ShapeComplementarity,Average_PackStat,1_PackStat,2_PackStat,3_PackStat,4_PackStat,5_PackStat,Average_dG,1_dG,2_dG,3_dG,4_dG,5_dG,Average_dSASA,1_dSASA,2_dSASA,3_dSASA,4_dSASA,5_dSASA,Average_dG/dSASA,1_dG/dSASA,2_dG/dSASA,3_dG/dSASA,4_dG/dSASA,5_dG/dSASA,Average_Interface_SASA_%,1_Interface_SASA_%,2_Interface_SASA_%,3_Interface_SASA_%,4_Interface_SASA_%,5_Interface_SASA_%,Average_Interface_Hydrophobicity,1_Interface_Hydrophobicity,2_Interface_Hydrophobicity,3_Interface_Hydrophobicity,4_Interface_Hydrophobicity,5_Interface_Hydrophobicity,Average_n_InterfaceResidues,1_n_InterfaceResidues,2_n_InterfaceResidues,3_n_InterfaceResidues,4_n_InterfaceResidues,5_n_InterfaceResidues,Average_n_InterfaceHbonds,1_n_InterfaceHbonds,2_n_InterfaceHbonds,3_n_InterfaceHbonds,4_n_InterfaceHbonds,5_n_InterfaceHbonds,Average_InterfaceHbondsPercentage,1_InterfaceHbondsPercentage,2_InterfaceHbondsPercentage,3_InterfaceHbondsPercentage,4_InterfaceHbondsPercentage,5_InterfaceHbondsPercentage,Average_n_InterfaceUnsatHbonds,1_n_InterfaceUnsatHbonds,2_n_InterfaceUnsatHbonds,3_n_InterfaceUnsatHbonds,4_n_InterfaceUnsatHbonds,5_n_InterfaceUnsatHbonds,Average_InterfaceUnsatHbondsPercentage,1_InterfaceUnsatHbondsPercentage,2_InterfaceUnsatHbondsPercentage,3_InterfaceUnsatHbondsPercentage,4_InterfaceUnsatHbondsPercentage,5_InterfaceUnsatHbondsPercentage,Average_Interface_Helix%,1_Interface_Helix%,2_Interface_Helix%,3_Interface_Helix%,4_Interface_Helix%,5_Interface_Helix%,Average_Interface_BetaSheet%,1_Interface_BetaSheet%,2_Interface_BetaSheet%,3_Interface_BetaSheet%,4_Interface_BetaSheet%,5_Interface_BetaSheet%,Average_Interface_Loop%,1_Interface_Loop%,2_Interface_Loop%,3_Interface_Loop%,4_Interface_Loop%,5_Interface_Loop%,Average_Binder_Helix%,1_Binder_Helix%,2_Binder_Helix%,3_Binder_Helix%,4_Binder_Helix%,5_Binder_Helix%,Average_Binder_BetaSheet%,1_Binder_BetaSheet%,2_Binder_BetaSheet%,3_Binder_BetaSheet%,4_Binder_BetaSheet%,5_Binder_BetaSheet%,Average_Binder_Loop%,1_Binder_Loop%,2_Binder_Loop%,3_Binder_Loop%,4_Binder_Loop%,5_Binder_Loop%,Average_InterfaceAAs,1_InterfaceAAs,2_InterfaceAAs,3_InterfaceAAs,4_InterfaceAAs,5_InterfaceAAs,Average_Hotspot_RMSD,1_Hotspot_RMSD,2_Hotspot_RMSD,3_Hotspot_RMSD,4_Hotspot_RMSD,5_Hotspot_RMSD,Average_Target_RMSD,1_Target_RMSD,2_Target_RMSD,3_Target_RMSD,4_Target_RMSD,5_Target_RMSD,Average_Binder_pLDDT,1_Binder_pLDDT,2_Binder_pLDDT,3_Binder_pLDDT,4_Binder_pLDDT,5_Binder_pLDDT,Average_Binder_pTM,1_Binder_pTM,2_Binder_pTM,3_Binder_pTM,4_Binder_pTM,5_Binder_pTM,Average_Binder_pAE,1_Binder_pAE,2_Binder_pAE,3_Binder_pAE,4_Binder_pAE,5_Binder_pAE,Average_Binder_RMSD,1_Binder_RMSD,2_Binder_RMSD,3_Binder_RMSD,4_Binder_RMSD,5_Binder_RMSD,DesignTime,Notes,TargetSettings,Filters,AdvancedSettings
1,5nq4_l120_s808237_mpnn5,4stage,120,808237,-0.3,,MNVDLTEEKIREALEKDPRDAMILFMKAFHALRGDDEKIVEVFEKFLNVAYEKIPELKAMPDTEKARDMAWMIGFAAQMVWWLKENLSNISEELAKKLEEKAEEMLKAYEEWEEKYDDWW,"B22,B23,B26,B27,B29,B30,B33,B71,B74,B75,B77,B78,B79,B82,B83,B106,B109,B110,B113,B119,B120",0.96,0.34,0.89,0.88,0.89,,,,0.8,0.79,0.81,,,,0.65,0.62,0.67,,,,0.18,0.2,0.17,,,,0.3,0.33,0.27,,,,0.87,0.88,0.86,,,,0.92,0.91,0.92,,,,2.5,3,2,,,,0.0,0,0,,,,-296.67,-314.16,-279.17,,,,0.23,0.22,0.24,,,,0.66,0.61,0.7,,,,0.59,0.59,0.6,,,,-44.37,-46.53,-42.21,,,,1835.12,1846.28,1823.95,,,,-2.42,-2.52,-2.31,,,,28.3,29.09,27.51,,,,71.43,76.19,66.67,,,,21.0,21,21,,,,3.5,3,4,,,,16.67,14.29,19.05,,,,2.0,2.0,2.0,,,,9.52,9.52,9.52,,,,88.31,90.91,85.71,,,,0.0,0.0,0.0,,,,11.69,9.09,14.29,,,,79.17,79.17,79.17,,,,0.0,0.0,0.0,,,,20.83,20.83,20.83,,,,"{'A': 1.0, 'C': 0.0, 'D': 0.0, 'E': 1.0, 'F': 2.5, 'G': 1.0, 'H': 1.0, 'I': 1.0, 'K': 1.0, 'L': 2.0, 'M': 3.0, 'N': 0.0, 'P': 0.0, 'Q': 1.0, 'R': 1.0, 'S': 0.0, 'T': 0.0, 'V': 0.0, 'W': 4.5, 'Y': 1.0}","{'A': 1, 'C': 0, 'D': 0, 'E': 0, 'F': 3, 'G': 1, 'H': 1, 'I': 1, 'K': 1, 'L': 2, 'M': 3, 'N': 0, 'P': 0, 'Q': 1, 'R': 1, 'S': 0, 'T': 0, 'V': 0, 'W': 5, 'Y': 1}","{'A': 1, 'C': 0, 'D': 0, 'E': 2, 'F': 2, 'G': 1, 'H': 1, 'I': 1, 'K': 1, 'L': 2, 'M': 3, 'N': 0, 'P': 0, 'Q': 1, 'R': 1, 'S': 0, 'T': 0, 'V': 0, 'W': 4, 'Y': 1}",,,,4.97,4.58,5.37,,,,0.87,0.9,0.84,,,,0.9,0.89,0.91,,,,0.82,0.81,0.84,,,,0.14,0.15,0.13,,,,1.94,1.99,1.89,,,,"0 hours, 1 minutes, 11 seconds",,5nq4,default_filters,default_4stage_multimer
2,5nq4_l120_s808237_mpnn8,4stage,120,808237,-0.3,,MDVNLTEEKIREAAEKDPREAMILFMKAFHALRGDDKGIVKVFDIALNVAYELIPETKAMPDTEKRRDMAWFIGFSAQMVWWLEKNIKDIPEELWKEWKKKAEEMLKFYEEWEEEYDDWW,"B22,B23,B25,B26,B27,B29,B30,B33,B71,B74,B75,B78,B79,B81,B82,B85,B106,B109,B110,B113,B117,B120",0.97,0.32,0.9,0.89,0.9,,,,0.8,0.8,0.8,,,,0.62,0.62,0.63,,,,0.19,0.2,0.18,,,,0.31,0.33,0.29,,,,0.88,0.89,0.87,,,,0.93,0.92,0.93,,,,1.0,1,1,,,,0.0,0,0,,,,-313.32,-312.87,-313.77,,,,0.22,0.2,0.23,,,,0.71,0.66,0.75,,,,0.56,0.58,0.55,,,,-44.28,-37.81,-50.75,,,,1690.07,1664.11,1716.03,,,,-2.62,-2.27,-2.96,,,,25.7,25.29,26.12,,,,61.12,63.16,59.09,,,,20.5,19,22,,,,5.0,4,6,,,,24.16,21.05,27.27,,,,2.5,2.0,3.0,,,,12.09,10.53,13.64,,,,88.69,91.67,85.71,,,,0.0,0.0,0.0,,,,11.31,8.33,14.29,,,,78.75,79.17,78.33,,,,0.0,0.0,0.0,,,,21.25,20.83,21.67,,,,"{'A': 0.0, 'C': 0.0, 'D': 0.5, 'E': 1.5, 'F': 2.5, 'G': 1.0, 'H': 1.0, 'I': 1.0, 'K': 2.0, 'L': 1.0, 'M': 3.0, 'N': 0.0, 'P': 0.0, 'Q': 1.0, 'R': 1.0, 'S': 0.0, 'T': 0.0, 'V': 0.0, 'W': 4.0, 'Y': 1.0}","{'A': 0, 'C': 0, 'D': 0, 'E': 1, 'F': 2, 'G': 1, 'H': 1, 'I': 1, 'K': 2, 'L': 1, 'M': 3, 'N': 0, 'P': 0, 'Q': 1, 'R': 1, 'S': 0, 'T': 0, 'V': 0, 'W': 4, 'Y': 1}","{'A': 0, 'C': 0, 'D': 1, 'E': 2, 'F': 3, 'G': 1, 'H': 1, 'I': 1, 'K': 2, 'L': 1, 'M': 3, 'N': 0, 'P': 0, 'Q': 1, 'R': 1, 'S': 0, 'T': 0, 'V': 0, 'W': 4, 'Y': 1}",,,,3.74,3.49,3.98,,,,0.87,0.9,0.84,,,,0.91,0.9,0.91,,,,0.84,0.84,0.85,,,,0.14,0.14,0.13,,,,2.37,2.56,2.18,,,,"0 hours, 1 minutes, 14 seconds",,5nq4,default_filters,default_4stage_multimer
1,5nq4_l88_s194736_mpnn6,4stage,88,194736,-0.3,,SMKEVEEAKRELEAVYEHVMKVLEMWRKVMPEFKEKIDELEKKIKEIYEEARKVEEGKSPEELVEAYRKAAEEIERLHEKFFDEAMKE,"B10,B11,B14,B15,B18,B19,B21,B22,B25,B26,B28,B29,B30,B72,B75,B78,B79,B82,B83,B86",0.89,0.33,0.93,0.92,0.93,,,,0.85,0.84,0.86,,,,0.79,0.77,0.8,,,,0.14,0.14,0.13,,,,0.18,0.19,0.18,,,,0.93,0.92,0.93,,,,0.94,0.93,0.94,,,,1.5,1,2,,,,0.0,0,0,,,,-234.3,-235.62,-232.97,,,,0.21,0.21,0.2,,,,0.7,0.67,0.72,,,,0.64,0.66,0.61,,,,-52.12,-48.96,-55.27,,,,1576.71,1457.1,1696.33,,,,-3.31,-3.36,-3.26,,,,29.2,26.82,31.59,,,,51.31,52.63,50.0,,,,19.5,19,20,,,,3.5,3,4,,,,17.89,15.79,20.0,,,,3.5,3.0,4.0,,,,17.89,15.79,20.0,,,,97.06,94.12,100.0,,,,0.0,0.0,0.0,,,,2.94,5.88,0.0,,,,88.64,88.64,88.64,,,,0.0,0.0,0.0,,,,11.36,11.36,11.36,,,,"{'A': 1.0, 'C': 0.0, 'D': 1.0, 'E': 4.0, 'F': 1.0, 'G': 0.0, 'H': 2.0, 'I': 0.0, 'K': 1.5, 'L': 0.0, 'M': 3.0, 'N': 0.0, 'P': 0.0, 'Q': 0.0, 'R': 1.0, 'S': 0.0, 'T': 0.0, 'V': 4.0, 'W': 1.0, 'Y': 0.0}","{'A': 1, 'C': 0, 'D': 1, 'E': 4, 'F': 1, 'G': 0, 'H': 2, 'I': 0, 'K': 1, 'L': 0, 'M': 3, 'N': 0, 'P': 0, 'Q': 0, 'R': 1, 'S': 0, 'T': 0, 'V': 4, 'W': 1, 'Y': 0}","{'A': 1, 'C': 0, 'D': 1, 'E': 4, 'F': 1, 'G': 0, 'H': 2, 'I': 0, 'K': 2, 'L': 0, 'M': 3, 'N': 0, 'P': 0, 'Q': 0, 'R': 1, 'S': 0, 'T': 0, 'V': 4, 'W': 1, 'Y': 0}",,,,2.12,2.16,2.09,,,,0.92,0.94,0.89,,,,0.93,0.92,0.93,,,,0.82,0.8,0.84,,,,0.12,0.13,0.11,,,,1.44,1.44,1.43,,,,"0 hours, 1 minutes, 7 seconds",,5nq4,default_filters,default_4stage_multimer
2,5nq4_l88_s194736_mpnn5,4stage,88,194736,-0.3,,SMEEVEEAKRELEAVYEHVLKVLEMWEKVMPEKKKELEELKKEIEEIYKKALEVEKGLSPEELVKVYREAAEEIEKKHEEFFDKAMKE,"B7,B10,B11,B14,B15,B18,B19,B21,B22,B25,B26,B29,B30,B72,B75,B78,B79,B82,B83,B86",0.89,0.28,0.92,0.91,0.92,,,,0.84,0.83,0.85,,,,0.77,0.75,0.78,,,,0.15,0.15,0.14,,,,0.2,0.2,0.19,,,,0.91,0.9,0.92,,,,0.93,0.92,0.94,,,,1.5,2,1,,,,0.0,0,0,,,,-239.4,-234.52,-244.28,,,,0.24,0.24,0.25,,,,0.69,0.7,0.69,,,,0.58,0.6,0.57,,,,-54.27,-58.02,-50.51,,,,1593.52,1688.19,1498.85,,,,-3.41,-3.44,-3.37,,,,29.02,30.58,27.46,,,,48.81,47.62,50.0,,,,20.5,21,20,,,,4.0,4,4,,,,19.52,19.05,20.0,,,,2.0,2.0,2.0,,,,9.76,9.52,10.0,,,,97.06,94.12,100.0,,,,0.0,0.0,0.0,,,,2.94,5.88,0.0,,,,89.77,89.77,89.77,,,,0.0,0.0,0.0,,,,10.23,10.23,10.23,,,,"{'A': 1.0, 'C': 0.0, 'D': 1.0, 'E': 5.0, 'F': 1.0, 'G': 0.0, 'H': 2.0, 'I': 0.0, 'K': 1.5, 'L': 0.0, 'M': 3.0, 'N': 0.0, 'P': 0.0, 'Q': 0.0, 'R': 1.0, 'S': 0.0, 'T': 0.0, 'V': 4.0, 'W': 1.0, 'Y': 0.0}","{'A': 1, 'C': 0, 'D': 1, 'E': 5, 'F': 1, 'G': 0, 'H': 2, 'I': 0, 'K': 2, 'L': 0, 'M': 3, 'N': 0, 'P': 0, 'Q': 0, 'R': 1, 'S': 0, 'T': 0, 'V': 4, 'W': 1, 'Y': 0}","{'A': 1, 'C': 0, 'D': 1, 'E': 5, 'F': 1, 'G': 0, 'H': 2, 'I': 0, 'K': 1, 'L': 0, 'M': 3, 'N': 0, 'P': 0, 'Q': 0, 'R': 1, 'S': 0, 'T': 0, 'V': 4, 'W': 1, 'Y': 0}",,,,1.91,2.02,1.79,,,,0.9,0.92,0.89,,,,0.93,0.92,0.93,,,,0.8,0.78,0.83,,,,0.12,0.13,0.11,,,,1.06,1.08,1.03,,,,"0 hours, 1 minutes, 7 seconds",,5nq4,default_filters,default_4stage_multimer
3,5nq4_l86_s533102_mpnn8,4stage,86,533102,-0.3,,MEFKKLSYEEVLEYLEKNKDKFPYMARQVIPVMERMKKGSEIMQKLLEVFVDEFNEMLKDISEGMPFEVAWDNFMDKVDEESRKVE,"B24,B27,B28,B32,B35,B36,B43,B46,B50,B67,B68,B71,B72,B75,B76,B78,B79,B82,B83,B85,B86",1.0,0.32,0.89,0.89,0.89,,,,0.78,0.78,0.78,,,,0.72,0.73,0.72,,,,0.15,0.15,0.15,,,,0.21,0.2,0.21,,,,0.87,0.87,0.87,,,,0.9,0.9,0.9,,,,2.5,1,4,,,,0.0,0,0,,,,-213.04,-216.98,-209.1,,,,0.25,0.27,0.23,,,,0.6,0.65,0.56,,,,0.59,0.55,0.63,,,,-48.08,-46.9,-49.26,,,,1640.32,1523.73,1756.9,,,,-2.94,-3.08,-2.8,,,,31.92,30.43,33.41,,,,52.38,52.38,52.38,,,,21.0,21,21,,,,6.5,6,7,,,,30.95,28.57,33.33,,,,1.5,1.0,2.0,,,,7.14,4.76,9.52,,,,94.87,95.0,94.74,,,,0.0,0.0,0.0,,,,5.13,5.0,5.26,,,,77.91,77.91,77.91,,,,0.0,0.0,0.0,,,,22.09,22.09,22.09,,,,"{'A': 0.0, 'C': 0.0, 'D': 3.0, 'E': 2.0, 'F': 2.0, 'G': 0.0, 'H': 0.0, 'I': 0.5, 'K': 0.0, 'L': 1.0, 'M': 3.0, 'N': 0.5, 'P': 0.0, 'Q': 1.0, 'R': 2.5, 'S': 1.0, 'T': 0.0, 'V': 2.5, 'W': 1.0, 'Y': 1.0}","{'A': 0, 'C': 0, 'D': 3, 'E': 2, 'F': 2, 'G': 0, 'H': 0, 'I': 1, 'K': 0, 'L': 1, 'M': 3, 'N': 1, 'P': 0, 'Q': 1, 'R': 2, 'S': 1, 'T': 0, 'V': 2, 'W': 1, 'Y': 1}","{'A': 0, 'C': 0, 'D': 3, 'E': 2, 'F': 2, 'G': 0, 'H': 0, 'I': 0, 'K': 0, 'L': 1, 'M': 3, 'N': 0, 'P': 0, 'Q': 1, 'R': 3, 'S': 1, 'T': 0, 'V': 3, 'W': 1, 'Y': 1}",,,,2.31,2.26,2.36,,,,0.9,0.91,0.88,,,,0.86,0.87,0.86,,,,0.73,0.73,0.74,,,,0.15,0.15,0.15,,,,1.54,1.56,1.52,,,,"0 hours, 1 minutes, 12 seconds",,5nq4,default_filters,default_4stage_multimer
4,5nq4_l86_s533102_mpnn6,4stage,86,533102,-0.3,,MPFKKLSYEEVLAYLKENKDKYPYMARQVIPVMERMKKGSEIMKKLLDVFVEEFNEMLKEIASGMPFEEAWDNFMDRVDEKSREVE,"B24,B27,B28,B32,B35,B36,B40,B42,B43,B46,B50,B71,B72,B74,B75,B76,B78,B79,B82,B83,B86",1.0,0.34,0.9,0.9,0.9,,,,0.79,0.78,0.79,,,,0.7,0.71,0.7,,,,0.15,0.15,0.15,,,,0.21,0.21,0.22,,,,0.89,0.89,0.89,,,,0.91,0.91,0.91,,,,4.5,3,6,,,,0.0,0,0,,,,-221.53,-229.75,-213.32,,,,0.33,0.33,0.33,,,,0.64,0.64,0.63,,,,0.58,0.59,0.57,,,,-46.75,-44.76,-48.74,,,,1642.61,1624.81,1660.4,,,,-2.84,-2.75,-2.94,,,,32.0,31.9,32.11,,,,54.76,57.14,52.38,,,,21.0,21,21,,,,4.5,4,5,,,,21.43,19.05,23.81,,,,2.0,2.0,2.0,,,,9.52,9.52,9.52,,,,94.44,94.44,94.44,,,,0.0,0.0,0.0,,,,5.56,5.56,5.56,,,,76.74,76.74,76.74,,,,0.0,0.0,0.0,,,,23.26,23.26,23.26,,,,"{'A': 0.0, 'C': 0.0, 'D': 3.0, 'E': 1.5, 'F': 2.0, 'G': 0.0, 'H': 0.0, 'I': 1.0, 'K': 0.0, 'L': 1.0, 'M': 3.0, 'N': 0.0, 'P': 0.0, 'Q': 1.0, 'R': 2.5, 'S': 1.5, 'T': 0.0, 'V': 2.5, 'W': 1.0, 'Y': 1.0}","{'A': 0, 'C': 0, 'D': 3, 'E': 2, 'F': 2, 'G': 0, 'H': 0, 'I': 1, 'K': 0, 'L': 1, 'M': 3, 'N': 0, 'P': 0, 'Q': 1, 'R': 2, 'S': 1, 'T': 0, 'V': 3, 'W': 1, 'Y': 1}","{'A': 0, 'C': 0, 'D': 3, 'E': 1, 'F': 2, 'G': 0, 'H': 0, 'I': 1, 'K': 0, 'L': 1, 'M': 3, 'N': 0, 'P': 0, 'Q': 1, 'R': 3, 'S': 2, 'T': 0, 'V': 2, 'W': 1, 'Y': 1}",,,,2.1,2.05,2.16,,,,0.9,0.92,0.88,,,,0.89,0.88,0.89,,,,0.74,0.73,0.76,,,,0.14,0.15,0.13,,,,1.42,1.34,1.5,,,,"0 hours, 1 minutes, 16 seconds",,5nq4,default_filters,default_4stage_multimer
1,5nq4_l84_s3585_mpnn4,4stage,84,3585,-0.3,,TIEELEKWEPEHIVIHYEMVKETVLEEMEEEPEMADFDIEAWVEKFPEIDFLKNKASEENKKVFEEIYPKFLKEIKEKQEELKK,"B1,B2,B4,B5,B8,B12,B15,B16,B17,B19,B20,B23,B24,B27,B30,B31,B33,B34,B37,B39,B42,B43,B46,B47,B48,B49,B71",0.88,0.32,0.93,0.91,0.94,,,,0.83,0.81,0.85,,,,0.77,0.74,0.8,,,,0.12,0.13,0.1,,,,0.16,0.17,0.14,,,,0.91,0.89,0.93,,,,0.94,0.92,0.95,,,,1.0,1,1,,,,0.0,0,0,,,,-205.56,-205.85,-205.27,,,,0.25,0.25,0.25,,,,0.74,0.74,0.75,,,,0.67,0.64,0.69,,,,-66.66,-65.36,-67.97,,,,1993.22,2022.64,1963.81,,,,-3.34,-3.23,-3.46,,,,39.24,40.02,38.46,,,,60.05,57.14,62.96,,,,27.5,28,27,,,,6.5,6,7,,,,23.68,21.43,25.93,,,,4.0,4.0,4.0,,,,14.55,14.29,14.81,,,,78.22,77.27,79.17,,,,0.0,0.0,0.0,,,,21.78,22.73,20.83,,,,83.92,83.33,84.52,,,,0.0,0.0,0.0,,,,16.08,16.67,15.48,,,,"{'A': 0.0, 'C': 0.0, 'D': 0.0, 'E': 6.5, 'F': 2.5, 'G': 0.0, 'H': 2.0, 'I': 4.0, 'K': 0.5, 'L': 1.0, 'M': 2.0, 'N': 0.0, 'P': 1.0, 'Q': 0.0, 'R': 0.0, 'S': 0.0, 'T': 2.0, 'V': 3.0, 'W': 2.0, 'Y': 1.0}","{'A': 0, 'C': 0, 'D': 0, 'E': 7, 'F': 2, 'G': 0, 'H': 2, 'I': 4, 'K': 1, 'L': 1, 'M': 2, 'N': 0, 'P': 1, 'Q': 0, 'R': 0, 'S': 0, 'T': 2, 'V': 3, 'W': 2, 'Y': 1}","{'A': 0, 'C': 0, 'D': 0, 'E': 6, 'F': 3, 'G': 0, 'H': 2, 'I': 4, 'K': 0, 'L': 1, 'M': 2, 'N': 0, 'P': 1, 'Q': 0, 'R': 0, 'S': 0, 'T': 2, 'V': 3, 'W': 2, 'Y': 1}",,,,1.11,1.31,0.91,,,,0.98,0.97,0.98,,,,0.9,0.88,0.92,,,,0.72,0.67,0.77,,,,0.12,0.14,0.1,,,,1.33,1.32,1.35,,,,"0 hours, 1 minutes, 5 seconds",,5nq4,default_filters,default_4stage_multimer
1,5nq4_l120_s575933_mpnn1,4stage,120,575933,-0.3,,MKTKEELLNEIIELSKKYYEKIKTEEVSNEEMAEMIKELMGKFIELAEKYGIDRKDTLVQLAMVEYHWVQEAIAYRLNEKQLDKLEELDDKFMKKFMEGKLSDVKFLKEIEKQYIEILNL,"B19,B54,B55,B57,B60,B61,B63,B64,B67,B68,B70,B71,B74,B75,B79,B82,B83,B85,B86,B89,B90,B93,B96,B97",0.86,0.39,0.95,0.95,0.95,,,,0.85,0.86,0.85,,,,0.76,0.76,0.75,,,,0.11,0.11,0.11,,,,0.18,0.18,0.19,,,,0.93,0.93,0.93,,,,0.96,0.96,0.96,,,,3.5,4,3,,,,0.5,1,0,,,,-339.32,-344.96,-333.69,,,,0.21,0.21,0.2,,,,0.62,0.7,0.55,,,,0.58,0.6,0.56,,,,-53.43,-60.23,-46.63,,,,1867.28,1822.99,1911.58,,,,-2.87,-3.3,-2.44,,,,30.48,30.15,30.81,,,,52.27,54.55,50.0,,,,23.0,22,24,,,,3.0,3,3,,,,13.07,13.64,12.5,,,,1.5,1.0,2.0,,,,6.44,4.55,8.33,,,,89.44,88.89,90.0,,,,0.0,0.0,0.0,,,,10.55,11.11,10.0,,,,79.17,79.17,79.17,,,,0.0,0.0,0.0,,,,20.83,20.83,20.83,,,,"{'A': 1.0, 'C': 0.0, 'D': 3.0, 'E': 2.5, 'F': 1.0, 'G': 0.0, 'H': 1.0, 'I': 0.0, 'K': 1.0, 'L': 3.5, 'M': 3.0, 'N': 0.0, 'P': 0.0, 'Q': 1.5, 'R': 1.0, 'S': 0.0, 'T': 1.0, 'V': 1.0, 'W': 1.0, 'Y': 1.5}","{'A': 1, 'C': 0, 'D': 3, 'E': 2, 'F': 1, 'G': 0, 'H': 1, 'I': 0, 'K': 1, 'L': 4, 'M': 3, 'N': 0, 'P': 0, 'Q': 1, 'R': 1, 'S': 0, 'T': 1, 'V': 1, 'W': 1, 'Y': 1}","{'A': 1, 'C': 0, 'D': 3, 'E': 3, 'F': 1, 'G': 0, 'H': 1, 'I': 0, 'K': 1, 'L': 3, 'M': 3, 'N': 0, 'P': 0, 'Q': 2, 'R': 1, 'S': 0, 'T': 1, 'V': 1, 'W': 1, 'Y': 2}",,,,1.6,1.08,2.13,,,,0.91,0.94,0.88,,,,0.96,0.96,0.96,,,,0.88,0.87,0.88,,,,0.08,0.08,0.08,,,,0.95,0.93,0.96,,,,"0 hours, 2 minutes, 20 seconds",Relaxed structure contains clashes.,5nq4,default_filters,default_4stage_multimer
2,5nq4_l120_s575933_mpnn12,4stage,120,575933,-0.3,,MKSKEELLNEIIELSKKYYEKIKTEDVSNEEMAEMIRELFGKFIEIAEKYGIDRKDTLDQLAMVYFHWVQEAIAYRLDEEQLDKLEELDDKFMEKFMAGEGSDVEFLKEIEKEYIEILSL,"B19,B54,B55,B57,B60,B61,B63,B64,B67,B68,B71,B74,B75,B79,B82,B83,B85,B86,B89,B90,B93,B96,B97",0.91,0.39,0.93,0.92,0.93,,,,0.83,0.84,0.83,,,,0.73,0.75,0.72,,,,0.12,0.13,0.12,,,,0.2,0.2,0.2,,,,0.9,0.89,0.9,,,,0.94,0.93,0.94,,,,2.5,3,2,,,,0.0,0,0,,,,-332.62,-336.43,-328.81,,,,0.24,0.24,0.25,,,,0.64,0.63,0.64,,,,0.59,0.62,0.57,,,,-51.08,-54.26,-47.89,,,,1890.98,1877.1,1904.86,,,,-2.7,-2.89,-2.51,,,,31.75,31.0,32.51,,,,52.17,52.17,52.17,,,,23.0,23,23,,,,3.0,3,3,,,,13.04,13.04,13.04,,,,2.5,2.0,3.0,,,,10.87,8.7,13.04,,,,89.47,89.47,89.47,,,,0.0,0.0,0.0,,,,10.53,10.53,10.53,,,,78.33,78.33,78.33,,,,0.0,0.0,0.0,,,,21.67,21.67,21.67,,,,"{'A': 1.0, 'C': 0.0, 'D': 3.0, 'E': 3.0, 'F': 1.0, 'G': 0.0, 'H': 1.0, 'I': 0.0, 'K': 1.0, 'L': 3.0, 'M': 3.0, 'N': 0.0, 'P': 0.0, 'Q': 1.0, 'R': 1.0, 'S': 0.0, 'T': 1.0, 'V': 1.0, 'W': 1.0, 'Y': 2.0}","{'A': 1, 'C': 0, 'D': 3, 'E': 3, 'F': 1, 'G': 0, 'H': 1, 'I': 0, 'K': 1, 'L': 3, 'M': 3, 'N': 0, 'P': 0, 'Q': 1, 'R': 1, 'S': 0, 'T': 1, 'V': 1, 'W': 1, 'Y': 2}","{'A': 1, 'C': 0, 'D': 3, 'E': 3, 'F': 1, 'G': 0, 'H': 1, 'I': 0, 'K': 1, 'L': 3, 'M': 3, 'N': 0, 'P': 0, 'Q': 1, 'R': 1, 'S': 0, 'T': 1, 'V': 1, 'W': 1, 'Y': 2}",,,,1.97,1.42,2.52,,,,0.93,0.97,0.89,,,,0.93,0.93,0.93,,,,0.84,0.84,0.85,,,,0.1,0.1,0.09,,,,0.94,0.93,0.94,,,,"0 hours, 1 minutes, 9 seconds",,5nq4,default_filters,default_4stage_multimer
